IDAccount,IDGoogle,Email,Org,imgURL,name
0e51cc96-6cd2-11ef-9f47-04421a0238fa,googleid_1,user1@example.com,0,https://icons.veryicon.com/png/o/miscellaneous/administration/account-25.png,"User One"
0e51d673-6cd2-11ef-9f47-04421a0238fa,googleid_2,user2@example.com,0,https://icons.veryicon.com/png/o/miscellaneous/administration/account-25.png,"User Two"
0e51d7f7-6cd2-11ef-9f47-04421a0238fa,googleid_3,user3@example.com,0,https://icons.veryicon.com/png/o/miscellaneous/administration/account-25.png,"User Three"
0e51d858-6cd2-11ef-9f47-04421a0238fa,googleid_4,user4@example.com,0,https://icons.veryicon.com/png/o/miscellaneous/administration/account-25.png,"User Four"
0e51d8aa-6cd2-11ef-9f47-04421a0238fa,googleid_5,user5@example.com,1,https://icons.veryicon.com/png/o/miscellaneous/administration/account-25.png,"User Five"
0e51d900-6cd2-11ef-9f47-04421a0238fa,googleid_6,user6@example.com,1,https://icons.veryicon.com/png/o/miscellaneous/administration/account-25.png,"User Six"
0e51d94e-6cd2-11ef-9f47-04421a0238fa,googleid_7,user7@example.com,0,https://icons.veryicon.com/png/o/miscellaneous/administration/account-25.png,"User Seven"
0e51d9ad-6cd2-11ef-9f47-04421a0238fa,googleid_8,user8@example.com,0,https://icons.veryicon.com/png/o/miscellaneous/administration/account-25.png,"User Eight"
0e51d9fe-6cd2-11ef-9f47-04421a0238fa,googleid_9,user9@example.com,0,https://icons.veryicon.com/png/o/miscellaneous/administration/account-25.png,"User Nine"
0e51da43-6cd2-11ef-9f47-04421a0238fa,googleid_10,user10@example.com,0,https://icons.veryicon.com/png/o/miscellaneous/administration/account-25.png,"User Ten"
